Date,Price,Open,High,Low,Vol.,Change %
21-Jul-20,"1,840.90","1,819.45","1,843.55","1,817.55",-,1.18%
20-Jul-20,"1,819.45","1,810.30","1,823.35","1,806.65",-,0.51%
19-Jul-20,"1,810.25","1,811.75","1,811.90","1,809.85",-,0.01%
17-Jul-20,"1,810.00","1,796.90","1,813.90","1,795.20",167.01K,0.54%
16-Jul-20,"1,800.30","1,813.10","1,816.20","1,794.10",196.57K,-0.74%
15-Jul-20,"1,813.80","1,811.10","1,819.50","1,804.00",183.06K,0.02%
14-Jul-20,"1,813.40","1,805.20","1,815.00","1,791.10",253.21K,-0.04%
13-Jul-20,"1,814.10","1,803.40","1,818.80","1,802.10",230.40K,0.68%
10-Jul-20,"1,801.90","1,808.40","1,817.00","1,796.50",223.83K,-0.11%
09-Jul-20,"1,803.80","1,818.80","1,825.50","1,799.60",283.37K,-0.92%
08-Jul-20,"1,820.60","1,807.90","1,829.80","1,803.80",247.50K,0.59%
07-Jul-20,"1,809.90","1,793.90","1,810.80","1,781.20",221.73K,0.91%
06-Jul-20,"1,793.50","1,787.90","1,799.00","1,779.20",184.65K,0.33%
03-Jul-20,"1,787.60","1,786.90","1,788.70","1,783.65",-,-0.13%
02-Jul-20,"1,790.00","1,779.00","1,791.70","1,766.30",186.31K,0.57%
01-Jul-20,"1,779.90","1,798.90","1,807.70","1,767.90",263.25K,-1.14%
30-Jun-20,"1,800.50","1,784.20","1,804.00","1,774.80",199.42K,1.08%
29-Jun-20,"1,781.20","1,789.20","1,790.40","1,776.50",130.51K,0.05%
26-Jun-20,"1,780.30","1,774.80","1,786.20","1,754.00",201.23K,0.55%
25-Jun-20,"1,770.60","1,772.30","1,779.60","1,764.10",152.20K,-0.25%
24-Jun-20,"1,775.10","1,784.40","1,796.10","1,770.60",239.53K,-0.39%
23-Jun-20,"1,782.00","1,764.90","1,786.80","1,758.30",194.68K,0.88%
22-Jun-20,"1,766.40","1,765.80","1,779.00","1,753.50",228.68K,0.76%
19-Jun-20,"1,753.00","1,729.80","1,760.90","1,728.30",181.15K,1.27%
18-Jun-20,"1,731.10","1,735.50","1,749.20","1,722.70",155.91K,-0.26%
17-Jun-20,"1,735.60","1,735.30","1,739.30","1,717.30",140.07K,-0.05%
16-Jun-20,"1,736.50","1,732.30","1,741.30","1,721.80",182.42K,0.54%
15-Jun-20,"1,727.20","1,740.70","1,743.80","1,706.20",200.23K,-0.58%
12-Jun-20,"1,737.30","1,733.60","1,753.00","1,728.20",151.40K,-0.14%
11-Jun-20,"1,739.80","1,746.60","1,754.90","1,727.50",205.35K,1.11%
10-Jun-20,"1,720.70","1,718.90","1,749.40","1,714.10",198.76K,-0.07%
09-Jun-20,"1,721.90","1,703.90","1,729.40","1,697.60",182.91K,0.99%
08-Jun-20,"1,705.10","1,686.70","1,707.60","1,680.70",154.77K,1.31%
05-Jun-20,"1,683.00","1,720.80","1,723.20","1,671.70",273.68K,-2.57%
04-Jun-20,"1,727.40","1,702.80","1,729.00","1,698.90",198.72K,1.33%
03-Jun-20,"1,704.80","1,733.70","1,738.90","1,690.30",256.52K,-1.68%
02-Jun-20,"1,734.00","1,750.30","1,757.00","1,728.00",175.35K,-0.93%
01-Jun-20,"1,750.30","1,749.80","1,761.00","1,737.60",146.13K,-0.08%
29-May-20,"1,751.70","1,732.70","1,754.50","1,725.30",150.11K,1.35%
28-May-20,"1,728.30","1,725.00","1,743.70","1,720.00",164.82K,0.09%
27-May-20,"1,726.80","1,724.10","1,729.10","1,701.60",158.95K,-0.08%
26-May-20,"1,728.20","1,753.00","1,755.60","1,721.20",152.50K,0.07%
25-May-20,"1,727.00","1,730.55","1,731.35","1,719.25",-,-0.21%
24-May-20,"1,730.65","1,735.45","1,735.90","1,729.80",-,-0.28%
22-May-20,"1,735.50","1,726.00","1,742.00","1,722.50",196.82K,0.79%
21-May-20,"1,721.90","1,751.70","1,751.70","1,715.30",238.74K,-1.72%
20-May-20,"1,752.10","1,749.20","1,757.60","1,744.00",184.46K,0.37%
19-May-20,"1,745.60","1,734.80","1,751.60","1,727.20",185.26K,0.65%
18-May-20,"1,734.40","1,757.50","1,775.80","1,729.30",271.47K,-1.25%
15-May-20,"1,756.30","1,738.50","1,761.20","1,736.80",200.18K,0.88%
14-May-20,"1,740.90","1,723.10","1,746.50","1,716.00",212.91K,1.43%
13-May-20,"1,716.40","1,705.00","1,726.50","1,701.60",211.61K,0.56%
12-May-20,"1,706.80","1,700.00","1,716.70","1,693.50",198.07K,0.52%
11-May-20,"1,698.00","1,706.00","1,713.80","1,692.10",202.17K,-0.93%
08-May-20,"1,713.90","1,727.20","1,735.50","1,703.10",232.81K,-0.69%
07-May-20,"1,725.80","1,686.00","1,733.20","1,683.90",250.70K,2.21%
06-May-20,"1,688.50","1,714.10","1,716.60","1,683.00",203.37K,-1.29%
05-May-20,"1,710.60","1,711.00","1,717.80","1,695.40",184.73K,-0.16%
04-May-20,"1,713.30","1,711.20","1,726.00","1,700.30",148.73K,0.73%
01-May-20,"1,700.90","1,693.50","1,714.40","1,676.00",168.02K,0.40%
30-Apr-20,"1,694.20","1,729.60","1,737.00","1,687.50",234.53K,-1.12%
29-Apr-20,"1,713.40","1,724.80","1,733.50","1,708.20",159.60K,-0.51%
28-Apr-20,"1,722.20","1,724.40","1,731.90","1,704.10",171.34K,-0.09%
27-Apr-20,"1,723.80","1,745.00","1,745.80","1,720.00",146.64K,-0.68%
24-Apr-20,"1,735.60","1,753.00","1,760.20","1,725.40",180.24K,-0.56%
23-Apr-20,"1,745.40","1,736.50","1,764.20","1,730.60",201.88K,0.41%
22-Apr-20,"1,738.30","1,703.10","1,742.40","1,695.40",193.73K,2.99%
21-Apr-20,"1,687.80","1,713.30","1,718.00","1,666.20",248.63K,-1.37%
20-Apr-20,"1,711.20","1,693.00","1,718.40","1,685.00",186.91K,0.73%
17-Apr-20,"1,698.80","1,738.50","1,738.80","1,691.20",227.07K,-1.90%
16-Apr-20,"1,731.70","1,743.50","1,768.00","1,722.60",204.23K,-0.49%
15-Apr-20,"1,740.20","1,758.10","1,759.80","1,731.60",186.70K,-1.62%
14-Apr-20,"1,768.90","1,761.50","1,788.80","1,747.10",241.19K,0.43%
13-Apr-20,"1,761.40","1,742.30","1,772.80","1,724.20",166.89K,1.19%
10-Apr-20,"1,740.60","1,740.60","1,740.60","1,740.60",-,-0.70%
09-Apr-20,"1,752.80","1,680.50","1,754.50","1,676.50",218.80K,4.07%
08-Apr-20,"1,684.30","1,678.70","1,695.80","1,670.70",125.33K,0.04%
07-Apr-20,"1,683.70","1,707.10","1,742.60","1,672.00",204.50K,-0.60%
06-Apr-20,"1,693.90","1,647.70","1,715.80","1,638.20",192.75K,2.93%
03-Apr-20,"1,645.70","1,635.30","1,652.80","1,624.40",139.61K,0.49%
02-Apr-20,"1,637.70","1,602.40","1,645.60","1,595.20",167.71K,2.91%
01-Apr-20,"1,591.40","1,589.40","1,612.40","1,576.00",164.48K,-0.33%
31-Mar-20,"1,596.60","1,643.40","1,645.60","1,588.20",176.55K,-2.84%
30-Mar-20,"1,643.20","1,663.40","1,673.60","1,632.00",157.37K,-0.66%
27-Mar-20,"1,654.10","1,653.40","1,661.00","1,630.70",159.26K,-0.37%
26-Mar-20,"1,660.30","1,642.20","1,677.20","1,612.00",145.43K,1.59%
25-Mar-20,"1,634.30","1,665.50","1,698.00","1,609.00",107.99K,-1.74%
24-Mar-20,"1,663.30","1,566.30","1,693.50","1,566.30",175.51K,5.76%
23-Mar-20,"1,572.70","1,508.40","1,574.80","1,489.40",98.80K,5.69%
20-Mar-20,"1,488.10","1,474.70","1,522.50","1,460.90",46.27K,0.39%
19-Mar-20,"1,482.30","1,489.70","1,505.20","1,462.80",64.61K,0.11%
18-Mar-20,"1,480.60","1,533.70","1,548.90","1,476.00",73.22K,-3.11%
17-Mar-20,"1,528.10","1,505.80","1,556.40","1,468.60",73.57K,2.65%
16-Mar-20,"1,488.60","1,564.80","1,576.00","1,453.00",73.79K,-2.03%
13-Mar-20,"1,519.50","1,581.00","1,600.40","1,507.00",75.40K,-4.63%
12-Mar-20,"1,593.20","1,638.70","1,654.00","1,563.40",94.80K,-3.17%
11-Mar-20,"1,645.40","1,652.40","1,674.70","1,635.70",85.84K,-1.08%
10-Mar-20,"1,663.30","1,683.40","1,683.50","1,644.50",52.24K,-0.91%
09-Mar-20,"1,678.60","1,694.50","1,707.80","1,660.80",54.57K,0.15%
06-Mar-20,"1,676.10","1,676.90","1,696.50","1,646.20",71.20K,0.25%
05-Mar-20,"1,672.00","1,642.70","1,679.20","1,641.50",27.67K,1.51%
04-Mar-20,"1,647.20","1,643.00","1,658.60","1,637.40",28.13K,-0.10%
03-Mar-20,"1,648.90","1,594.30","1,654.70","1,594.30",34.66K,3.09%
02-Mar-20,"1,599.50","1,598.40","1,616.50","1,581.20",23.69K,1.76%
28-Feb-20,"1,571.80","1,651.70","1,656.10","1,569.10",65.34K,-4.64%
27-Feb-20,"1,648.20","1,649.90","1,668.20","1,642.40",22.88K,-0.04%
26-Feb-20,"1,648.90","1,643.00","1,662.70","1,632.40",20.86K,-0.42%
25-Feb-20,"1,655.80","1,670.00","1,670.00","1,632.60",23.32K,-1.58%
24-Feb-20,"1,682.40","1,660.30","1,697.00","1,658.80",40.17K,1.68%
21-Feb-20,"1,654.60","1,628.30","1,657.40","1,627.60",19.99K,1.75%
20-Feb-20,"1,626.20","1,620.00","1,632.00","1,612.60",15.70K,0.54%
19-Feb-20,"1,617.50","1,610.20","1,621.50","1,608.10",6.16K,0.51%
18-Feb-20,"1,609.30","1,590.40","1,613.80","1,587.50",17.65K,1.40%
17-Feb-20,"1,587.05","1,586.15","1,588.45","1,581.85",-,0.05%
16-Feb-20,"1,586.25","1,585.50","1,586.25","1,583.45",-,-0.35%
14-Feb-20,"1,591.90","1,585.30","1,593.60","1,581.90",16.79K,0.47%
13-Feb-20,"1,584.50","1,574.60","1,587.00","1,574.50",4.72K,0.46%
12-Feb-20,"1,577.30","1,576.70","1,579.20","1,570.50",17.80K,0.09%
11-Feb-20,"1,575.90","1,581.60","1,583.10","1,570.90",12.95K,-0.60%
10-Feb-20,"1,585.40","1,581.60","1,586.30","1,577.80",4.94K,0.39%
07-Feb-20,"1,579.20","1,575.70","1,583.30","1,570.00",5.77K,0.22%
06-Feb-20,"1,575.80","1,564.50","1,577.60","1,562.00",3.20K,0.45%
05-Feb-20,"1,568.70","1,563.40","1,571.70","1,556.90",10.77K,0.47%
04-Feb-20,"1,561.40","1,588.40","1,589.60","1,558.70",6.79K,-1.69%
03-Feb-20,"1,588.30","1,603.60","1,603.90","1,579.10",3.91K,-0.35%
31-Jan-20,"1,593.80","1,584.90","1,601.20","1,581.20",6.87K,-0.08%
30-Jan-20,"1,595.10","1,587.30","1,596.50","1,583.10",13.36K,0.83%
29-Jan-20,"1,582.00","1,579.30","1,588.60","1,574.00",19.45K,0.02%
28-Jan-20,"1,581.70","1,592.40","1,592.90","1,576.50",15.01K,-0.49%
27-Jan-20,"1,589.50","1,592.50","1,599.70","1,587.50",9.61K,0.35%
24-Jan-20,"1,583.90","1,574.00","1,587.20","1,568.40",9.74K,0.42%
23-Jan-20,"1,577.30","1,572.00","1,579.30","1,563.70",6.14K,0.55%
22-Jan-20,"1,568.70","1,568.00","1,570.80","1,562.30",4.61K,-0.08%
21-Jan-20,"1,569.90","1,570.40","1,580.70","1,557.80",7.60K,0.55%
20-Jan-20,"1,561.25","1,557.20","1,562.70","1,556.65",-,0.27%
19-Jan-20,"1,557.05","1,557.40","1,559.05","1,556.45",-,-0.97%
17-Jan-20,"1,572.30","1,564.80","1,572.90","1,561.40",8.24K,0.65%
16-Jan-20,"1,562.20","1,567.70","1,569.70","1,560.00",4.73K,-0.22%
15-Jan-20,"1,565.60","1,559.30","1,570.40","1,559.20",3.84K,0.58%
14-Jan-20,"1,556.50","1,560.10","1,561.40","1,548.40",5.44K,-0.40%
13-Jan-20,"1,562.70","1,575.10","1,575.10","1,559.00",5.33K,-0.60%
10-Jan-20,"1,572.10","1,566.50","1,575.30","1,559.00",6.63K,0.36%
09-Jan-20,"1,566.40","1,569.50","1,574.00","1,553.40",4.49K,-0.38%
08-Jan-20,"1,572.30","1,590.30","1,624.50","1,565.90",7.21K,-0.88%
07-Jan-20,"1,586.30","1,578.60","1,590.40","1,570.00",10.57K,0.34%
06-Jan-20,"1,580.90","1,577.90","1,600.00","1,575.00",6.61K,1.05%
03-Jan-20,"1,564.50","1,543.90","1,567.60","1,543.90",4.48K,1.58%
02-Jan-20,"1,540.10","1,535.50","1,545.60","1,532.00",2.07K,1.26%
01-Jan-20,"1,520.95","1,520.85","1,523.95","1,520.85",-,-0.92%
31-Dec-19,"1,535.10","1,529.60","1,539.70","1,529.60",1.33K,0.31%
30-Dec-19,"1,530.30","1,527.00","1,530.70","1,525.40",1.96K,0.04%
27-Dec-19,"1,529.70","1,526.50","1,530.30","1,523.80",1.09K,0.26%
26-Dec-19,"1,525.70","1,514.60","1,528.30","1,513.90",0.71K,1.44%
25-Dec-19,"1,504.05","1,504.40","1,504.40","1,502.15",-,-0.79%
24-Dec-19,"1,516.00","1,499.50","1,516.20","1,499.50",2.13K,1.07%
23-Dec-19,"1,499.90","1,492.50","1,500.40","1,492.50",1.07K,0.53%
20-Dec-19,"1,492.00","1,494.60","1,495.60","1,491.00",0.22K,-0.23%
19-Dec-19,"1,495.50","1,490.90","1,496.70","1,488.60",1.52K,0.38%
18-Dec-19,"1,489.90","1,491.60","1,494.80","1,486.00",3.25K,-0.13%
17-Dec-19,"1,491.90","1,491.60","1,495.80","1,490.00",1.38K,0.02%
16-Dec-19,"1,491.60","1,491.40","1,494.70","1,488.70",3.09K,-0.05%
13-Dec-19,"1,492.30","1,481.80","1,493.20","1,476.50",3.48K,0.62%
12-Dec-19,"1,483.10","1,490.70","1,502.20","1,479.90",3.97K,-0.18%
11-Dec-19,"1,485.80","1,478.50","1,493.00","1,478.20",13.73K,0.47%
10-Dec-19,"1,478.80","1,475.60","1,483.50","1,475.50",4.94K,0.22%
09-Dec-19,"1,475.60","1,476.00","1,480.20","1,474.20",4.77K,-0.01%
06-Dec-19,"1,475.80","1,491.30","1,495.40","1,474.10",5.04K,-1.19%
05-Dec-19,"1,493.60","1,492.20","1,495.90","1,488.40",2.35K,0.20%
04-Dec-19,"1,490.60","1,494.00","1,500.20","1,487.30",2.70K,-0.28%
03-Dec-19,"1,494.80","1,477.90","1,498.00","1,476.00",7.54K,1.04%
02-Dec-19,"1,479.40","1,478.20","1,481.80","1,470.30",9.94K,-0.26%
29-Nov-19,"1,483.20","1,473.40","1,483.30","1,469.60",2.65K,1.43%
28-Nov-19,"1,462.25","1,463.25","1,464.55","1,460.75",-,-0.60%
27-Nov-19,"1,471.10","1,477.50","1,477.60","1,469.50",3.62K,-0.45%
26-Nov-19,"1,477.80","1,470.90","1,479.90","1,467.30",9.64K,0.21%
25-Nov-19,"1,474.70","1,477.60","1,479.40","1,471.70",5.60K,-0.44%
22-Nov-19,"1,481.20","1,482.20","1,490.40","1,479.10",11.90K,0.01%
21-Nov-19,"1,481.10","1,492.00","1,492.90","1,480.00",3.14K,-0.70%
20-Nov-19,"1,491.50","1,492.50","1,496.10","1,484.10",1.83K,-0.01%
19-Nov-19,"1,491.70","1,491.70","1,492.70","1,482.90",2.41K,0.17%
18-Nov-19,"1,489.20","1,484.00","1,490.80","1,474.10",2.75K,0.24%
15-Nov-19,"1,485.70","1,485.40","1,486.80","1,480.00",0.76K,-0.32%
14-Nov-19,"1,490.50","1,481.00","1,492.20","1,479.00",2.30K,0.68%
13-Nov-19,"1,480.40","1,474.70","1,484.50","1,474.70",2.62K,0.66%
12-Nov-19,"1,470.70","1,473.30","1,477.90","1,463.50",2.49K,-0.24%
11-Nov-19,"1,474.20","1,478.30","1,483.90","1,466.00",4.32K,-0.39%
08-Nov-19,"1,480.00","1,486.30","1,490.50","1,473.90",2.09K,-0.24%
07-Nov-19,"1,483.60","1,509.90","1,509.90","1,478.70",6.12K,-1.78%
06-Nov-19,"1,510.50","1,502.20","1,513.00","1,501.70",2.28K,0.64%
05-Nov-19,"1,500.90","1,525.00","1,526.70","1,497.80",4.23K,-1.80%
04-Nov-19,"1,528.40","1,532.70","1,533.00","1,524.90",2.35K,0.00%
01-Nov-19,"1,528.40","1,531.30","1,535.00","1,522.50",1.60K,-0.19%
31-Oct-19,"1,531.30","1,514.40","1,533.30","1,513.20",2.92K,1.17%
30-Oct-19,"1,513.60","1,508.30","1,515.50","1,500.60",2.84K,0.40%
29-Oct-19,"1,507.50","1,511.50","1,513.70","1,502.60",1.81K,-0.35%
28-Oct-19,"1,512.80","1,524.80","1,527.10","1,509.70",0.87K,-0.62%
25-Oct-19,"1,522.20","1,521.80","1,537.10","1,520.10",2.13K,0.06%
24-Oct-19,"1,521.30","1,512.30","1,522.40","1,507.50",1.83K,0.60%
23-Oct-19,"1,512.20","1,508.10","1,515.20","1,507.50",0.71K,0.55%
22-Oct-19,"1,503.90","1,503.40","1,507.90","1,501.00",0.52K,-0.05%
21-Oct-19,"1,504.60","1,511.00","1,514.90","1,501.50",2.72K,-0.38%
18-Oct-19,"1,510.40","1,512.20","1,513.40","1,504.90",2.48K,-0.31%
17-Oct-19,"1,515.10","1,510.90","1,517.00","1,505.50",2.39K,0.28%
16-Oct-19,"1,510.80","1,501.40","1,511.30","1,499.00",4.81K,0.69%
15-Oct-19,"1,500.40","1,515.80","1,519.20","1,499.90",0.46K,-0.92%
14-Oct-19,"1,514.40","1,509.20","1,517.20","1,506.60",1.00K,0.60%
11-Oct-19,"1,505.40","1,514.00","1,524.30","1,495.30",6.69K,-0.82%
10-Oct-19,"1,517.90","1,535.00","1,538.50","1,512.90",2.99K,-0.77%
09-Oct-19,"1,529.70","1,529.60","1,532.00","1,524.20",4.42K,0.59%
08-Oct-19,"1,520.70","1,510.80","1,529.90","1,510.50",4.10K,-0.03%
07-Oct-19,"1,521.10","1,529.50","1,529.50","1,512.00",2.86K,-0.54%
04-Oct-19,"1,529.40","1,530.50","1,536.30","1,518.30",1.82K,-0.05%
03-Oct-19,"1,530.10","1,522.80","1,542.00","1,519.60",2.30K,0.36%
02-Oct-19,"1,524.60","1,503.30","1,527.10","1,498.50",2.72K,1.26%
01-Oct-19,"1,505.60","1,492.90","1,508.30","1,482.20",2.92K,1.06%
30-Sep-19,"1,489.80","1,519.80","1,520.40","1,487.60",2.77K,-2.20%
27-Sep-19,"1,523.30","1,529.70","1,529.70","1,510.80",2.76K,-0.57%
26-Sep-19,"1,532.00","1,532.40","1,533.40","1,528.90",1.00K,0.20%
25-Sep-19,"1,528.90","1,556.30","1,556.30","1,525.50",1.56K,-1.81%
24-Sep-19,"1,557.10","1,544.20","1,559.60","1,544.00",1.65K,0.56%
23-Sep-19,"1,548.50","1,535.00","1,550.50","1,535.00",1.60K,1.08%
20-Sep-19,"1,532.00","1,531.00","1,540.60","1,523.00",0.54K,0.58%
19-Sep-19,"1,523.20","1,513.30","1,527.50","1,513.30",1.06K,-0.63%
18-Sep-19,"1,532.80","1,525.30","1,535.00","1,508.00",1.74K,0.15%
17-Sep-19,"1,530.50","1,523.10","1,531.60","1,520.70",0.29K,0.12%
16-Sep-19,"1,528.70","1,523.90","1,535.70","1,520.80",0.64K,0.77%
13-Sep-19,"1,517.00","1,521.00","1,532.50","1,513.60",1.79K,-0.49%
12-Sep-19,"1,524.50","1,520.90","1,546.50","1,514.30",1.44K,0.30%
11-Sep-19,"1,520.00","1,513.00","1,520.10","1,513.00",1.60K,0.28%
10-Sep-19,"1,515.80","1,520.00","1,523.20","1,510.70",2.19K,-0.77%
09-Sep-19,"1,527.60","1,528.00","1,539.80","1,521.80",2.51K,-0.25%
06-Sep-19,"1,531.50","1,542.60","1,551.90","1,526.90",1.28K,-0.64%
05-Sep-19,"1,541.30","1,575.00","1,575.00","1,532.10",1.18K,-2.21%
04-Sep-19,"1,576.20","1,571.00","1,578.50","1,559.40",0.93K,0.27%
03-Sep-19,"1,571.90","1,556.00","1,574.20","1,547.80",2.06K,2.39%
02-Sep-19,"1,535.15","1,537.95","1,540.05","1,528.15",-,-0.19%
01-Sep-19,"1,538.05","1,535.25","1,542.90","1,535.25",-,-0.48%
30-Aug-19,"1,545.50","1,551.90","1,555.80","1,543.30",1.34K,-0.46%
29-Aug-19,"1,552.60","1,566.50","1,574.50","1,547.00",0.90K,-0.76%
28-Aug-19,"1,564.50","1,569.40","1,571.10","1,560.70",0.79K,-0.17%
27-Aug-19,"1,567.20","1,558.60","1,568.60","1,553.20",1.58K,0.97%
26-Aug-19,"1,552.10","1,557.00","1,573.40","1,550.00",0.87K,-0.03%
23-Aug-19,"1,552.50","1,518.00","1,554.00","1,518.00",0.75K,1.91%
22-Aug-19,"1,523.40","1,527.00","1,527.00","1,517.40",0.58K,-0.46%
21-Aug-19,"1,530.40","1,531.30","1,531.40","1,522.90",1.45K,0.00%
20-Aug-19,"1,530.40","1,526.50","1,532.10","1,526.50",0.12K,0.28%
19-Aug-19,"1,526.20","1,530.00","1,530.20","1,520.40",0.84K,-0.78%
16-Aug-19,"1,538.20","1,538.50","1,540.00","1,530.00",0.41K,-0.50%
15-Aug-19,"1,545.90","1,545.70","1,549.50","1,537.40",0.86K,0.19%
14-Aug-19,"1,542.90","1,526.80","1,547.70","1,525.30",2.06K,0.89%
13-Aug-19,"1,529.30","1,541.80","1,559.10","1,506.60",1.53K,-0.18%
12-Aug-19,"1,532.00","1,520.00","1,538.40","1,520.00",1.20K,0.57%
09-Aug-19,"1,523.30","1,526.00","1,533.80","1,522.80",0.55K,-0.05%
08-Aug-19,"1,524.00","1,524.40","1,529.80","1,519.30",0.87K,-0.63%
07-Aug-19,"1,533.60","1,500.40","1,536.30","1,500.40",2.45K,2.34%
06-Aug-19,"1,498.60","1,495.00","1,500.00","1,486.00",1.99K,0.51%
05-Aug-19,"1,491.00","1,467.20","1,495.80","1,467.20",1.81K,1.23%
02-Aug-19,"1,472.90","1,471.10","1,475.20","1,458.00",0.61K,1.69%
01-Aug-19,"1,448.40","1,442.60","1,472.10","1,428.90",1.56K,-0.36%
31-Jul-19,"1,453.70","1,459.00","1,462.00","1,439.80",0.76K,-0.27%
30-Jul-19,"1,457.70","1,453.30","1,461.50","1,451.30",0.70K,0.59%
29-Jul-19,"1,449.20","1,452.30","1,454.40","1,444.00",1.05K,0.08%
26-Jul-19,"1,448.10","1,444.00","1,449.60","1,442.00",0.56K,0.35%
25-Jul-19,"1,443.10","1,452.60","1,461.60","1,440.00",1.57K,-0.62%
24-Jul-19,"1,452.10","1,445.40","1,457.10","1,445.40",0.85K,0.14%
23-Jul-19,"1,450.00","1,450.00","1,457.40","1,446.00",1.04K,-0.36%
22-Jul-19,"1,455.20","1,453.60","1,456.90","1,451.60",0.61K,0.03%
19-Jul-19,"1,454.70","1,470.50","1,472.80","1,454.50",1.42K,-0.12%
18-Jul-19,"1,456.40","1,451.20","1,476.80","1,446.00",0.93K,0.33%
17-Jul-19,"1,451.60","1,430.00","1,454.70","1,430.00",0.41K,0.85%
16-Jul-19,"1,439.30","1,445.30","1,445.30","1,437.70",0.30K,-0.15%
15-Jul-19,"1,441.50","1,441.00","1,443.70","1,441.00",0.99K,0.09%
12-Jul-19,"1,440.20","1,437.20","1,440.60","1,436.50",0.94K,0.39%
11-Jul-19,"1,434.60","1,453.20","1,453.80","1,433.30",0.58K,-0.37%
10-Jul-19,"1,439.90","1,421.20","1,446.40","1,421.20",1.80K,0.86%
09-Jul-19,"1,427.60","1,424.30","1,428.20","1,416.50",1.37K,0.06%
08-Jul-19,"1,426.80","1,425.60","1,435.00","1,423.50",0.86K,0.04%
05-Jul-19,"1,426.30","1,448.00","1,448.00","1,420.60",0.86K,0.19%
04-Jul-19,"1,423.55","1,421.25","1,426.65","1,412.85",-,-1.56%
03-Jul-19,"1,446.10","1,447.80","1,457.70","1,447.80",1.13K,0.91%
02-Jul-19,"1,433.10","1,416.90","1,442.50","1,416.90",0.43K,1.36%
01-Jul-19,"1,413.90","1,424.50","1,424.50","1,414.30",0.32K,-1.64%
28-Jun-19,"1,437.50","1,435.60","1,438.90","1,435.50",1.26K,0.15%
27-Jun-19,"1,435.40","1,433.80","1,434.90","1,429.50",2.56K,-0.22%
26-Jun-19,"1,438.60","1,444.30","1,445.80","1,430.00",1.31K,-0.22%
25-Jun-19,"1,441.80","1,446.20","1,462.90","1,439.10",1.80K,0.03%
24-Jun-19,"1,441.40","1,431.60","1,445.80","1,429.10",0.23K,1.26%
21-Jun-19,"1,423.40","1,415.70","1,432.40","1,410.40",0.72K,0.22%
20-Jun-19,"1,420.30","1,386.90","1,419.90","1,386.90",0.46K,3.41%
19-Jun-19,"1,373.50","1,374.50","1,386.00","1,370.60",0.42K,-0.15%
18-Jun-19,"1,375.50","1,367.20","1,375.50","1,367.00",0.11K,0.57%
17-Jun-19,"1,367.70","1,369.30","1,370.20","1,361.60",0.41K,-0.14%
14-Jun-19,"1,369.60","1,373.60","1,380.10","1,366.80",0.74K,0.06%
13-Jun-19,"1,368.80","1,362.80","1,368.80","1,362.80",0.49K,0.48%
12-Jun-19,"1,362.30","1,365.20","1,365.80","1,363.00",0.59K,0.40%
11-Jun-19,"1,356.90","1,350.50","1,356.10","1,350.50",1.01K,0.16%
10-Jun-19,"1,354.80","1,365.80","1,365.80","1,354.40",0.31K,-1.14%
07-Jun-19,"1,370.40","1,359.60","1,376.10","1,359.60",0.74K,0.26%
06-Jun-19,"1,366.90","1,362.60","1,365.40","1,362.60",1.33K,0.60%
05-Jun-19,"1,358.80","1,364.00","1,364.00","1,364.00",0.74K,0.31%
04-Jun-19,"1,354.60","1,352.20","1,352.20","1,352.10",0.31K,0.09%
03-Jun-19,"1,353.40","1,342.40","1,355.50","1,342.40",0.99K,1.16%
31-May-19,"1,337.90","1,323.20","1,335.90","1,323.20",0.17K,1.36%
30-May-19,"1,319.90","1,307.90","1,312.70","1,307.90",0.08K,0.49%
29-May-19,"1,313.50","1,316.30","1,316.60","1,316.00",0.46K,0.25%
28-May-19,"1,310.20","1,304.30","1,304.30","1,304.30",0.20K,1.97%
27-May-19,"1,284.95","1,284.25","1,286.85","1,283.25",-,0.06%
26-May-19,"1,284.15","1,284.20","1,285.15","1,283.65",-,-2.49%
24-May-19,"1,316.90","1,315.50","1,317.00","1,315.50",0.07K,-0.13%
23-May-19,"1,318.60","1,311.90","1,319.30","1,311.90",0.47K,0.80%
22-May-19,"1,308.10","1,306.90","1,306.90","1,306.90",1.62K,0.09%
21-May-19,"1,306.90","1,304.80","1,304.90","1,302.90",0.27K,-0.31%
20-May-19,"1,311.00","1,307.00","1,309.70","1,307.00",0.08K,0.15%
17-May-19,"1,309.00","1,318.90","1,320.70","1,309.80",0.21K,-0.80%
16-May-19,"1,319.60","1,326.80","1,326.80","1,318.40",0.11K,-0.83%
15-May-19,"1,330.70","1,332.60","1,334.00","1,329.50",0.34K,0.08%
14-May-19,"1,329.60","1,332.20","1,332.20","1,330.10",0.20K,-0.44%
13-May-19,"1,335.50","1,321.90","1,335.50","1,319.20",0.66K,1.00%
10-May-19,"1,322.30","1,323.10","1,323.10","1,323.10",0.05K,0.16%
09-May-19,"1,320.20","1,319.20","1,319.20","1,319.20",0.04K,0.28%
08-May-19,"1,316.50","1,321.20","1,321.20","1,316.00",0.30K,-0.33%
07-May-19,"1,320.90","1,315.10","1,315.10","1,314.80",0.12K,0.14%
06-May-19,"1,319.10","1,320.70","1,320.70","1,319.70",0.01K,0.17%
03-May-19,"1,316.80","1,315.40","1,315.40","1,314.90",0.02K,0.73%
02-May-19,"1,307.30","1,310.00","1,310.00","1,303.80",0.04K,-0.91%
01-May-19,"1,319.30","1,321.30","1,322.00","1,317.40",0.26K,-0.11%
30-Apr-19,"1,320.70","1,320.90","1,322.10","1,317.80",0.21K,0.31%
29-Apr-19,"1,316.60","1,284.80","1,284.90","1,277.10",0.14K,-0.57%
26-Apr-19,"1,324.20","1,319.40","1,324.20","1,319.40",0.38K,0.68%
25-Apr-19,"1,315.20","1,310.50","1,310.50","1,310.50",0.00K,0.02%
24-Apr-19,"1,314.90","1,268.40","1,273.90","1,267.80",0.15K,0.47%
23-Apr-19,"1,308.70","1,309.40","1,309.40","1,306.70",0.06K,-0.36%
22-Apr-19,"1,313.40","1,273.50","1,273.50","1,273.50",0.00K,2.78%
19-Apr-19,"1,277.90","1,277.90","1,277.90","1,277.90",-,-2.58%
18-Apr-19,"1,311.80","1,310.90","1,313.10","1,308.90",0.08K,-0.05%
17-Apr-19,"1,312.50","1,314.60","1,314.60","1,311.90",0.06K,-0.05%
16-Apr-19,"1,313.20","1,319.00","1,319.00","1,312.50",0.18K,-1.08%
15-Apr-19,"1,327.50","1,321.90","1,323.00","1,321.90",0.02K,-0.29%
12-Apr-19,"1,331.40","1,333.20","1,333.20","1,333.20",0.23K,0.19%
11-Apr-19,"1,328.90","1,335.90","1,335.90","1,335.90",0.04K,-1.52%
10-Apr-19,"1,349.40","1,343.70","1,346.90","1,341.80",0.08K,0.41%
09-Apr-19,"1,343.90","1,338.40","1,344.40","1,338.40",0.00K,0.49%
08-Apr-19,"1,337.40","1,339.10","1,339.10","1,339.10",0.00K,0.47%
05-Apr-19,"1,331.10","1,327.80","1,327.80","1,327.80",0.05K,0.12%
04-Apr-19,"1,329.50","1,325.80","1,325.80","1,316.10",0.04K,-0.08%
03-Apr-19,"1,330.60","1,331.80","1,331.80","1,331.80",0.05K,-0.01%
02-Apr-19,"1,330.70","1,329.10","1,331.40","1,328.50",0.07K,0.09%
01-Apr-19,"1,329.50","1,328.10","1,328.10","1,328.10",0.03K,-0.30%
29-Mar-19,"1,333.50","1,322.90","1,334.00","1,322.90",0.01K,0.27%
28-Mar-19,"1,329.90","1,345.80","1,347.90","1,345.80",0.11K,-1.58%
27-Mar-19,"1,351.30","1,357.50","1,357.50","1,352.00",0.14K,-0.37%
26-Mar-19,"1,356.30","1,354.80","1,354.80","1,348.00",0.05K,-0.56%
25-Mar-19,"1,363.90","1,359.00","1,361.00","1,358.30",0.14K,0.75%
22-Mar-19,"1,353.80","1,348.50","1,349.10","1,346.40",0.06K,0.36%
21-Mar-19,"1,349.00","1,357.90","1,357.90","1,357.90",0.12K,0.41%
20-Mar-19,"1,343.50","1,344.90","1,344.90","1,344.60",0.02K,-0.39%
19-Mar-19,"1,348.70","1,352.80","1,352.80","1,352.80",0.00K,0.39%
18-Mar-19,"1,343.40","1,346.80","1,346.80","1,346.80",0.01K,-0.09%
15-Mar-19,"1,344.60","1,344.00","1,344.00","1,344.00",0.01K,0.58%
14-Mar-19,"1,336.90","1,337.00","1,337.00","1,337.00",0.23K,-1.07%
13-Mar-19,"1,351.40","1,350.30","1,350.30","1,350.30",0.02K,0.86%
12-Mar-19,"1,339.90","1,333.80","1,333.80","1,333.80",0.08K,0.50%
11-Mar-19,"1,333.30","1,334.60","1,334.60","1,334.60",0.01K,-0.63%
08-Mar-19,"1,341.80","1,342.90","1,342.90","1,342.90",0.00K,1.02%
07-Mar-19,"1,328.20","1,329.40","1,329.40","1,329.40",0.04K,-0.12%
06-Mar-19,"1,329.80","1,327.50","1,327.50","1,327.50",0.14K,0.23%
05-Mar-19,"1,326.80","1,328.00","1,328.00","1,328.00",0.00K,-0.21%
04-Mar-19,"1,329.60","1,336.50","1,339.80","1,327.40",0.02K,-0.89%
01-Mar-19,"1,341.60","1,351.60","1,351.60","1,351.60",0.13K,-1.25%
28-Feb-19,"1,358.60","1,364.30","1,364.30","1,363.90",0.00K,-0.38%
27-Feb-19,"1,363.80","1,371.00","1,371.00","1,371.00",0.00K,-0.54%
26-Feb-19,"1,371.20","1,370.10","1,370.10","1,370.10",0.00K,-0.07%
25-Feb-19,"1,372.20","1,373.10","1,373.10","1,373.10",0.00K,-0.25%
22-Feb-19,"1,375.70","1,370.30","1,374.10","1,370.30",0.01K,0.39%
21-Feb-19,"1,370.40","1,377.10","1,377.10","1,377.10",0.05K,-1.47%
20-Feb-19,"1,390.80","1,389.90","1,389.90","1,389.90",0.03K,0.22%
19-Feb-19,"1,387.80","1,371.60","1,381.10","1,371.60",0.04K,4.38%
18-Feb-19,"1,329.55","1,324.35","1,330.75","1,324.05",-,0.40%
17-Feb-19,"1,324.25","1,324.65","1,324.95","1,323.85",-,-2.99%
15-Feb-19,"1,365.10","1,364.90","1,364.90","1,364.90",0.03K,0.59%
14-Feb-19,"1,357.10","1,305.00","1,311.80","1,301.60",0.07K,-0.10%
13-Feb-19,"1,358.50","1,354.00","1,354.00","1,346.50",0.05K,0.10%
12-Feb-19,"1,357.10","1,357.30","1,357.30","1,357.30",0.00K,0.15%
11-Feb-19,"1,355.10","1,353.60","1,353.60","1,353.60",0.03K,-0.48%
08-Feb-19,"1,361.70","1,355.10","1,355.10","1,355.10",0.17K,0.31%
07-Feb-19,"1,357.50","1,351.30","1,356.70","1,351.30",0.05K,-0.01%
06-Feb-19,"1,357.70","1,360.80","1,360.80","1,360.80",0.00K,-0.35%
05-Feb-19,"1,362.50","1,361.90","1,362.50","1,361.90",0.00K,0.02%
04-Feb-19,"1,362.20","1,360.30","1,360.30","1,358.10",0.00K,-0.21%
01-Feb-19,"1,365.00","1,368.60","1,368.60","1,368.60",0.00K,-0.21%
31-Jan-19,"1,367.90","1,366.30","1,366.40","1,366.30",0.00K,0.65%
30-Jan-19,"1,359.10","1,358.80","1,358.90","1,358.80",0.05K,0.03%
29-Jan-19,"1,358.70","1,351.00","1,354.40","1,351.00",0.20K,0.43%
28-Jan-19,"1,352.90","1,348.70","1,348.70","1,348.70",0.00K,0.43%
25-Jan-19,"1,347.10","1,340.20","1,347.00","1,340.20",0.03K,1.38%
24-Jan-19,"1,328.70","1,324.70","1,325.10","1,324.70",0.05K,-0.33%
23-Jan-19,"1,333.10","1,281.70","1,283.90","1,278.70",0.02K,0.07%
22-Jan-19,"1,332.20","1,283.30","1,283.30","1,283.20",0.15K,4.16%
21-Jan-19,"1,279.05","1,281.95","1,282.95","1,276.15",-,-0.23%
20-Jan-19,"1,282.05","1,281.30","1,282.70","1,280.50",-,-3.74%
18-Jan-19,"1,331.90","1,281.30","1,281.30","1,281.30",0.00K,-0.73%
17-Jan-19,"1,341.70","1,339.20","1,339.20","1,339.00",0.00K,-0.10%
16-Jan-19,"1,343.10","1,291.60","1,291.60","1,291.60",0.00K,0.42%
15-Jan-19,"1,337.50","1,290.10","1,292.70","1,290.10",0.01K,-0.26%
14-Jan-19,"1,341.00","1,331.60","1,331.60","1,331.60",0.40K,0.13%
11-Jan-19,"1,339.20","1,341.50","1,341.50","1,339.40",0.05K,0.18%
10-Jan-19,"1,336.80","1,284.70","1,284.70","1,284.70",0.55K,-0.32%
09-Jan-19,"1,341.10","1,279.40","1,289.30","1,279.20",0.10K,0.46%
08-Jan-19,"1,334.90","1,335.00","1,335.00","1,335.00",0.00K,-0.31%
07-Jan-19,"1,339.00","1,332.20","1,332.20","1,332.20",0.01K,0.31%
04-Jan-19,"1,334.80","1,330.00","1,330.00","1,330.00",0.10K,-0.65%
03-Jan-19,"1,343.60","1,334.50","1,334.50","1,334.50",0.08K,0.81%
02-Jan-19,"1,332.80","1,332.50","1,332.50","1,331.30",0.08K,3.85%
01-Jan-19,"1,283.35","1,284.70","1,284.75","1,282.85",-,-3.52%
